<jugadores>
    
<jugador><nombre>manue</nombre><vida mejoras="0"><puntosVida>100</puntosVida></vida><ataque mejoras="0"><puntosAtaque>20</puntosAtaque></ataque><nivel>0</nivel></jugador><jugador><nombre>juanjo</nombre><vida mejoras="2"><puntosVida>120</puntosVida></vida><ataque mejoras="0"><puntosAtaque>20</puntosAtaque></ataque><nivel>10</nivel></jugador><jugador><nombre>juan_el_trampas</nombre><vida mejoras="0"><puntosVida>1000</puntosVida></vida><ataque mejoras="0"><puntosAtaque>500</puntosAtaque></ataque><nivel>50</nivel></jugador><jugador><nombre>francisco</nombre><vida mejoras="0"><puntosVida>100</puntosVida></vida><ataque mejoras="0"><puntosAtaque>20</puntosAtaque></ataque><nivel>0</nivel></jugador><jugador><nombre>x_robertillo_x</nombre><vida mejoras="0"><puntosVida>100</puntosVida></vida><ataque mejoras="0"><puntosAtaque>20</puntosAtaque></ataque><nivel>1</nivel></jugador><jugador><nombre>alfredo38</nombre><vida mejoras="0"><puntosVida>100</puntosVida></vida><ataque mejoras="0"><puntosAtaque>20</puntosAtaque></ataque><nivel>0</nivel></jugador><jugador><nombre>alfredo38</nombre><vida mejoras="0"><puntosVida>100</puntosVida></vida><ataque mejoras="2"><puntosAtaque>30</puntosAtaque></ataque><nivel>10</nivel></jugador></jugadores>