<partidas>
    <partida>
        <fecha>2022-11-24T18:52:39.567856038</fecha>
        <puntuacionTotal>65</puntuacionTotal>
        <combates>
            <combate numero="1" resultado="Victoria">
                <jugador nivel="0">PotatoMan777</jugador>
                <enemigo>Master False Ant</enemigo>
            </combate>
            <combate numero="2" resultado="Derrota">
                <jugador nivel="1">PotatoMan777</jugador>
                <enemigo>Mister Random</enemigo>
            </combate>
        </combates>
        <nombreJugador>PotatoMan777</nombreJugador>
    </partida>
<partida><fecha>2022-12-12T19:32:16.976118226</fecha><puntuacionTotal>570</puntuacionTotal><combates><combate numero="0" resultado="Victoria"><jugador nivel="6">julian</jugador><enemigo>The Greasy Barbarian</enemigo></combate><combate numero="1" resultado="Victoria"><jugador nivel="6">julian</jugador><enemigo>The Greasy Barbarian</enemigo></combate><combate numero="2" resultado="Victoria"><jugador nivel="6">julian</jugador><enemigo>Lord Molten Katana</enemigo></combate><combate numero="3" resultado="Victoria"><jugador nivel="6">julian</jugador><enemigo>Master False Ant</enemigo></combate><combate numero="4" resultado="Victoria"><jugador nivel="6">julian</jugador><enemigo>Mister Random</enemigo></combate><combate numero="5" resultado="Victoria"><jugador nivel="6">julian</jugador><enemigo>Mister Random</enemigo></combate><combate numero="6" resultado="Derrota"><jugador nivel="6">julian</jugador><enemigo>Nuclear Macaw</enemigo></combate></combates><nombreJugador>julian</nombreJugador></partida><partida><fecha>2022-12-12T19:36:23.885250114</fecha><puntuacionTotal>170</puntuacionTotal><combates><combate numero="0" resultado="Victoria"><jugador nivel="2">markosgamer</jugador><enemigo>The Greasy Barbarian</enemigo></combate><combate numero="1" resultado="Victoria"><jugador nivel="2">markosgamer</jugador><enemigo>Doctor Black Smasher</enemigo></combate><combate numero="2" resultado="Derrota"><jugador nivel="2">markosgamer</jugador><enemigo>Professor Dark Arsonist</enemigo></combate></combates><nombreJugador>markosgamer</nombreJugador></partida><partida><fecha>2022-12-14T02:54:11.385629508</fecha><puntuacionTotal>290</puntuacionTotal><combates><combate numero="0" resultado="Victoria"><jugador nivel="4">paco</jugador><enemigo>Master False Ant</enemigo></combate><combate numero="1" resultado="Victoria"><jugador nivel="4">paco</jugador><enemigo>The Greasy Barbarian</enemigo></combate><combate numero="2" resultado="Victoria"><jugador nivel="4">paco</jugador><enemigo>The Greasy Barbarian</enemigo></combate><combate numero="3" resultado="Victoria"><jugador nivel="4">paco</jugador><enemigo>Doctor Black Smasher</enemigo></combate><combate numero="4" resultado="Derrota"><jugador nivel="4">paco</jugador><enemigo>Professor Dark Arsonist</enemigo></combate></combates><nombreJugador>paco</nombreJugador></partida><partida><fecha>2022-12-14T02:55:28.632893503</fecha><puntuacionTotal>655</puntuacionTotal><combates><combate numero="0" resultado="Victoria"><jugador nivel="10">juanjo</jugador><enemigo>The Greasy Barbarian</enemigo></combate><combate numero="1" resultado="Victoria"><jugador nivel="10">juanjo</jugador><enemigo>The Greasy Barbarian</enemigo></combate><combate numero="2" resultado="Victoria"><jugador nivel="10">juanjo</jugador><enemigo>The Greasy Barbarian</enemigo></combate><combate numero="3" resultado="Victoria"><jugador nivel="10">juanjo</jugador><enemigo>The Greasy Barbarian</enemigo></combate><combate numero="4" resultado="Victoria"><jugador nivel="10">juanjo</jugador><enemigo>The Greasy Barbarian</enemigo></combate><combate numero="5" resultado="Victoria"><jugador nivel="10">juanjo</jugador><enemigo>The Greasy Barbarian</enemigo></combate><combate numero="6" resultado="Victoria"><jugador nivel="10">juanjo</jugador><enemigo>The Greasy Barbarian</enemigo></combate><combate numero="7" resultado="Victoria"><jugador nivel="10">juanjo</jugador><enemigo>Doctor Black Smasher</enemigo></combate><combate numero="8" resultado="Victoria"><jugador nivel="10">juanjo</jugador><enemigo>The Mute Swine</enemigo></combate><combate numero="9" resultado="Victoria"><jugador nivel="10">juanjo</jugador><enemigo>Doctor Light Spectacle</enemigo></combate><combate numero="10" resultado="Derrota"><jugador nivel="10">juanjo</jugador><enemigo>Mister Random</enemigo></combate></combates><nombreJugador>juanjo</nombreJugador></partida><partida><fecha>2022-12-14T03:07:22.874345153</fecha><puntuacionTotal>3290</puntuacionTotal><combates><combate numero="0" resultado="Victoria"><jugador nivel="26">juan_el_trampas</jugador><enemigo>Nuclear Macaw</enemigo></combate><combate numero="1" resultado="Victoria"><jugador nivel="26">juan_el_trampas</jugador><enemigo>Nuclear Macaw</enemigo></combate><combate numero="2" resultado="Victoria"><jugador nivel="26">juan_el_trampas</jugador><enemigo>Mister Random</enemigo></combate><combate numero="3" resultado="Victoria"><jugador nivel="26">juan_el_trampas</jugador><enemigo>Mister Random</enemigo></combate><combate numero="4" resultado="Victoria"><jugador nivel="26">juan_el_trampas</jugador><enemigo>Mister Random</enemigo></combate><combate numero="5" resultado="Victoria"><jugador nivel="26">juan_el_trampas</jugador><enemigo>Mister Random</enemigo></combate><combate numero="6" resultado="Victoria"><jugador nivel="26">juan_el_trampas</jugador><enemigo>Mister Random</enemigo></combate><combate numero="7" resultado="Victoria"><jugador nivel="26">juan_el_trampas</jugador><enemigo>Mister Random</enemigo></combate><combate numero="8" resultado="Victoria"><jugador nivel="26">juan_el_trampas</jugador><enemigo>Mister Random</enemigo></combate><combate numero="9" resultado="Victoria"><jugador nivel="26">juan_el_trampas</jugador><enemigo>Mister Random</enemigo></combate><combate numero="10" resultado="Victoria"><jugador nivel="26">juan_el_trampas</jugador><enemigo>Mister Random</enemigo></combate><combate numero="11" resultado="Victoria"><jugador nivel="26">juan_el_trampas</jugador><enemigo>Mister Random</enemigo></combate><combate numero="12" resultado="Victoria"><jugador nivel="26">juan_el_trampas</jugador><enemigo>Mister Random</enemigo></combate><combate numero="13" resultado="Victoria"><jugador nivel="26">juan_el_trampas</jugador><enemigo>Mister Random</enemigo></combate><combate numero="14" resultado="Victoria"><jugador nivel="26">juan_el_trampas</jugador><enemigo>Mister Random</enemigo></combate><combate numero="15" resultado="Victoria"><jugador nivel="26">juan_el_trampas</jugador><enemigo>Mister Random</enemigo></combate><combate numero="16" resultado="Victoria"><jugador nivel="26">juan_el_trampas</jugador><enemigo>Mister Random</enemigo></combate><combate numero="17" resultado="Victoria"><jugador nivel="26">juan_el_trampas</jugador><enemigo>Mister Random</enemigo></combate><combate numero="18" resultado="Victoria"><jugador nivel="26">juan_el_trampas</jugador><enemigo>Mister Random</enemigo></combate><combate numero="19" resultado="Victoria"><jugador nivel="26">juan_el_trampas</jugador><enemigo>Mister Random</enemigo></combate><combate numero="20" resultado="Victoria"><jugador nivel="26">juan_el_trampas</jugador><enemigo>Mister Random</enemigo></combate><combate numero="21" resultado="Victoria"><jugador nivel="26">juan_el_trampas</jugador><enemigo>Mister Random</enemigo></combate><combate numero="22" resultado="Victoria"><jugador nivel="26">juan_el_trampas</jugador><enemigo>Mister Random</enemigo></combate><combate numero="23" resultado="Victoria"><jugador nivel="26">juan_el_trampas</jugador><enemigo>Mister Random</enemigo></combate><combate numero="24" resultado="Victoria"><jugador nivel="26">juan_el_trampas</jugador><enemigo>Mister Random</enemigo></combate><combate numero="25" resultado="Victoria"><jugador nivel="26">juan_el_trampas</jugador><enemigo>Nuclear Macaw</enemigo></combate><combate numero="26" resultado="Derrota"><jugador nivel="26">juan_el_trampas</jugador><enemigo>Mister Random</enemigo></combate></combates><nombreJugador>juan_el_trampas</nombreJugador></partida><partida><fecha>2022-12-15T03:56:34.403610987</fecha><puntuacionTotal>1480</puntuacionTotal><combates><combate numero="0" resultado="Victoria"><jugador nivel="1">x_robertillo_x</jugador><enemigo>Mister Random</enemigo></combate><combate numero="1" resultado="Derrota"><jugador nivel="1">x_robertillo_x</jugador><enemigo>Mister Random</enemigo></combate></combates><nombreJugador>x_robertillo_x</nombreJugador></partida><partida><fecha>2022-12-15T04:06:48.926314928</fecha><puntuacionTotal>0</puntuacionTotal><combates/><nombreJugador>francisco</nombreJugador></partida><partida><fecha>2022-12-15T04:21:41.606132317</fecha><puntuacionTotal>580</puntuacionTotal><combates><combate numero="0" resultado="Victoria"><jugador nivel="10">alfredo38</jugador><enemigo>Master False Ant</enemigo></combate><combate numero="1" resultado="Victoria"><jugador nivel="10">alfredo38</jugador><enemigo>The Greasy Barbarian</enemigo></combate><combate numero="2" resultado="Victoria"><jugador nivel="10">alfredo38</jugador><enemigo>Lord Molten Katana</enemigo></combate><combate numero="3" resultado="Victoria"><jugador nivel="10">alfredo38</jugador><enemigo>The Puzzling Devil</enemigo></combate><combate numero="4" resultado="Victoria"><jugador nivel="10">alfredo38</jugador><enemigo>Doctor Light Spectacle</enemigo></combate><combate numero="5" resultado="Victoria"><jugador nivel="10">alfredo38</jugador><enemigo>The Greasy Barbarian</enemigo></combate><combate numero="6" resultado="Victoria"><jugador nivel="10">alfredo38</jugador><enemigo>The Greasy Barbarian</enemigo></combate><combate numero="7" resultado="Victoria"><jugador nivel="10">alfredo38</jugador><enemigo>The Greasy Barbarian</enemigo></combate><combate numero="8" resultado="Victoria"><jugador nivel="10">alfredo38</jugador><enemigo>The Greasy Barbarian</enemigo></combate><combate numero="9" resultado="Victoria"><jugador nivel="10">alfredo38</jugador><enemigo>The Greasy Barbarian</enemigo></combate><combate numero="10" resultado="Derrota"><jugador nivel="10">alfredo38</jugador><enemigo>Mister Random</enemigo></combate></combates><nombreJugador>alfredo38</nombreJugador></partida></partidas>